Model Family,Input,Output
claude_opus,0.000005,0.000025
claude_sonnet_4_6,0.000003,0.000015
gemini_3_1_pro,0.000002,0.000012
gemini_flash,0.0000001 - 0.0000005,0.0000004 - 0.000003
gpt_oss,0.00000003,0.00000014